{"proxies":{"ti.notificationbanner.TitaniumNotificationBannerModule":{"superPackageName":"org.appcelerator.kroll","methods":{"hide":{"runOnUiThread":false,"hasInvocation":false,"args":[],"apiName":"hide","converter":"org.appcelerator.kroll.KrollConverter","defaultValueProvider":"org.appcelerator.kroll.KrollConverter","name":"__default_name__","returnType":"void"},"show":{"runOnUiThread":false,"hasInvocation":false,"args":[{"converter":"org.appcelerator.kroll.KrollConverter","defaultValueProvider":"org.appcelerator.kroll.KrollConverter","name":"args","sourceName":"args","type":"org.appcelerator.kroll.KrollDict"}],"apiName":"show","converter":"org.appcelerator.kroll.KrollConverter","defaultValueProvider":"org.appcelerator.kroll.KrollConverter","name":"__default_name__","returnType":"void"}},"superProxyBindingClassName":"org.appcelerator.kroll.KrollModuleBindingGen","proxyClassName":"TitaniumNotificationBannerModule","proxyAttrs":{"propertyAccessors":[],"fullAPIName":"TitaniumNotificationBanner","name":"TitaniumNotificationBanner","proxyClassName":"ti.notificationbanner.TitaniumNotificationBannerModule","isTopLevel":false,"id":"ti.notificationbanner"},"packageName":"ti.notificationbanner","sourceName":"ti.notificationbanner.TitaniumNotificationBannerModuleBindingGen","isTitaniumSdk":false,"superProxyClassName":"KrollModule","isModule":true,"genClassName":"TitaniumNotificationBannerModuleBindingGen"}},"modules":{"ti.notificationbanner.TitaniumNotificationBannerModule":{"apiName":"TitaniumNotificationBanner"}}}